<!--
#########################################################################################
# Title:  HBA_TPZNC_QR_FF_ MAGELLAN _MEMBER.                                            #
#                                                                                       #
# Function: HBA wrapper to execute dotnet code.                                         #
# Steps:                                                                                #
#                                                                                       #
#  Ver      Date          Developer          Description                                #
#  1.0     03/25/2014     Amol Sangar      Initial Version                              #
#  1.1     06/09/2014     Amol Sangar      Added Select Step                            #
#########################################################################################
-->

<Job>
  <JobName>HBA_TPZNC_QR_FF_MAGELLAN_MEMBER</JobName>

  <!--################################################################################################################
  # Step 1000: Use GetCurDate function to get the datetime stamp value                                               # 
  #################################################################################################################-->
  <Step No="1000" Type="GetCurDate" Arguments="Directory">
    <Directory>~c:FacetsPath~\Runfiles</Directory>
    <PreReturnCode>0</PreReturnCode>
    <ReturnErrorCode>8</ReturnErrorCode>
  </Step>
                    
    <!--######################################################################
        # Step 1100 To create a memory variable to hold the value of XML file
    ######################################################################-->

    <Step No="1100" Type="InsertRunTimeXML" Arguments="StepNo, VarNode, VarValue">
        <StepNo>1100</StepNo>
        <VarNode>EDIFILENAME</VarNode>
        <VarValue>bcbsnc_member_prod_qtrly</VarValue>
        <PreReturnCode>0</PreReturnCode>
        <ReturnErrorCode>8</ReturnErrorCode>
    </Step>

     <!--###################################################################################################
        # Step 1200 To create a memory variable to hold the value of ISA06 Segment -Interchange Sender ID 
    ########################################################################################################-->

    <Step No="1200" Type="InsertRunTimeXML" Arguments="StepNo, VarNode, VarValue">
        <StepNo>1200</StepNo>
        <VarNode>SENDERID</VarNode>
        <VarValue>BCBSNC</VarValue>
        <PreReturnCode>0</PreReturnCode>
        <ReturnErrorCode>8</ReturnErrorCode>
    </Step>
    
     <!--###################################################################################################
        # Step 1200 To create a memory variable to hold the value of ISA08 Segment -Interchange Receiver ID  
    ########################################################################################################-->

    <Step No="1300" Type="InsertRunTimeXML" Arguments="StepNo, VarNode, VarValue">
        <StepNo>1300</StepNo>
        <VarNode>RECEIVERID</VarNode>
        <VarValue>01260</VarValue>
        <PreReturnCode>0</PreReturnCode>
        <ReturnErrorCode>8</ReturnErrorCode>
    </Step>
    
     <!--###################################################################################################
        # Step 1400 To create a memory variable to hold the value of ISA15 Segment 
         P = Production Data; T = Test Data 
    ########################################################################################################-->

    <Step No="1400" Type="InsertRunTimeXML" Arguments="StepNo, VarNode, VarValue">
        <StepNo>1400</StepNo>
        <VarNode>ENV</VarNode>
        <VarValue>T</VarValue>
        <PreReturnCode>0</PreReturnCode>
        <ReturnErrorCode>8</ReturnErrorCode>
    </Step>

<!--
  ###########################################################################
  # Step 2000: Use ExecuteProgram to execute dotnet code                    #
  ###########################################################################
  -->
<Step No="2000" Type="ExecuteProgram" Arguments="Dir,Program,c:cFacetsLogOutputDir">
  <Dir>~c:FacetsPath~\Scripts\</Dir>
  <Program> MagellanMemberExtract.exe ~c:DBIpPort~ ~c:stagedatabase/StagedbName~ ~r:User2~ ~r:Password2~ ~c:CustomOutput~ QUARTERLY ~1100:EDIFILENAME~ ~1200:SENDERID~ ~1300:RECEIVERID~ ~1400:ENV~ ProcessData</Program>
  <PreReturnCode>0</PreReturnCode>
  <ReturnErrorCode>8</ReturnErrorCode>
</Step>


<!--
  ###########################################################################
  # Step 3000: Use ExecuteProgram to execute dotnet code                    #
  ###########################################################################
  -->
<Step No="3000" Type="ExecuteProgram" Arguments="Dir,Program,c:cFacetsLogOutputDir">
  <Dir>~c:FacetsPath~\Scripts\</Dir>
  <Program> MagellanMemberExtract.exe ~c:DBIpPort~ ~c:stagedatabase/StagedbName~ ~r:User2~ ~r:Password2~ ~c:CustomOutput~ QUARTERLY ~1100:EDIFILENAME~ ~1200:SENDERID~ ~1300:RECEIVERID~ ~1400:ENV~ SelectData</Program>
  <PreReturnCode>0</PreReturnCode>
  <ReturnErrorCode>8</ReturnErrorCode>
</Step>

<!--
  ############################################################################
  # Step 4000 - Copy the output files to History folder to archive           #              
  ############################################################################
-->
   <Step No="4000" Type="FileCopy" Arguments="OriginalFile,NewFile">
    <OriginalFile>~c:CustomOutput~\bcbsnc_member_prod_qtrly.edi</OriginalFile>
    <NewFile>~c:HistoryPath~\</NewFile>
    <PreReturnCode>0</PreReturnCode>
    <ReturnErrorCode>8</ReturnErrorCode>
  </Step>


  <!--
  ################################################################################
  # Step 5000 - Rename the file to bcbsnc_member_prod_qtrly__CCYYMMDD_hhmmss.txt   #
  ################################################################################
-->
  <Step No="5000" Type="FileRename" Arguments="OldName,OldType,NewName,NewType,Suffix,CharBetween">
    <OldName>~c:HistoryPath~\bcbsnc_member_prod_qtrly</OldName>
    <OldType>edi</OldType>
    <NewName>bcbsnc_member_prod_qtrly_~1000:YYYYMMDD_HHMMSS~</NewName>
    <NewType>edi</NewType>
    <Suffix></Suffix>
    <CharBetween></CharBetween>
    <PreReturnCode>0</PreReturnCode>
    <ReturnErrorCode>8</ReturnErrorCode>
  </Step>
</Job>