<!--
###################################################################################################
# Title:  HBA_TPZNC_MO_FF_PRIME_CLAIMS.xml                                                    #
#                                                                                                 #
# Function: HBA wrapper for the Prime Claims Monthly Extract (Vendor Extracts)                  #
#                                                                                                 #
# Steps:                                                                                          #
#                                                                                                 #
#  Ver     Date            Developer            Description                                       #
#  1.0     03/28/2014      M Shweta Rao         Initial Version                                   #
###################################################################################################
-->

<Job>
    <JobName>HBA_TPZNC_MO_FF_PRIME_CLAIMS</JobName>

<!--
  ###########################################################################
  # Step 1000: Use DateTimeVal function to get the datetime stamp value     #
  ###########################################################################
-->
  <Step No="1000" Type="GetCurDate" Arguments="Directory">
     <Directory>~c:CustomRunfile~</Directory>     
     <PreReturnCode>0</PreReturnCode>
     <ReturnErrorCode>8</ReturnErrorCode>
  </Step>   
  
<!--
  ##################################################################################################
  # Step 2000 - ExecSP: To execute the stored procedure tpzp_prime_claims_extr                   #
  ##################################################################################################  
-->
    <Step No="2000" Type="ExecSP" Arguments="StoredProcedure,c:StagedbName,c:DBIpPort,r:User2,r:Password2,c:cFacetsLogOutputDir,StdOut">
        <StoredProcedure name="tpzp_prime_claims_extr">
        </StoredProcedure>
        <StdOut>Y</StdOut>
        <PreReturnCode>0</PreReturnCode>
        <ReturnErrorCode>8</ReturnErrorCode>
    </Step>

<!-- 
  ############################################################################
  # Step 3000 - BCP Out - tpzv_prime_claims_facil_extr                           #
  ############################################################################ 
--> 
    <Step No="3000" Type="BCP_TPZ" Arguments="InOut,Dir,Table,File,c:StagedbName,r:User2,r:Password2,c:DBIpPort,Format,Delimiter,Width,Q-qualifier">
        <InOut>Out</InOut> 
        <Dir>~c:CustomOutput~\</Dir> 
        <Table>tpzv_prime_claims_facil_extr</Table> 
        <File>BCBSNC_PRIME_FACIL.txt</File>
        <Format/>
        <Delimiter/> 
        <Width/> 
        <Q-qualifier/> 
        <PreReturnCode>0</PreReturnCode> 
        <ReturnErrorCode>8</ReturnErrorCode> 
    </Step>
 
 
<!-- 
  ############################################################################
  # Step 4000 - BCP Out - tpzv_prime_claims_prof_extr                           #
  ############################################################################ 
--> 
    <Step No="4000" Type="BCP_TPZ" Arguments="InOut,Dir,Table,File,c:StagedbName,r:User2,r:Password2,c:DBIpPort,Format,Delimiter,Width,Q-qualifier">
        <InOut>Out</InOut> 
        <Dir>~c:CustomOutput~\</Dir> 
        <Table>tpzv_prime_claims_prof_extr</Table> 
        <File>BCBSNC_PRIME_PROF.txt</File>
        <Format/>
        <Delimiter/>
        <Width/> 
        <Q-qualifier/> 
        <PreReturnCode>0</PreReturnCode> 
        <ReturnErrorCode>8</ReturnErrorCode> 
    </Step>
	
<!-- 
  ############################################################################
  # Step 5000 - BCP Out - tpzv_prime_claims_val                           #
  ############################################################################ 
--> 
    <Step No="5000" Type="BCP_TPZ" Arguments="InOut,Dir,Table,File,c:StagedbName,r:User2,r:Password2,c:DBIpPort,Format,Delimiter,Width,Q-qualifier">
        <InOut>Out</InOut> 
        <Dir>~c:CustomOutput~\</Dir> 
        <Table>tpzv_prime_claims_val</Table> 
        <File>BCBSNC_PRIME_VAL.txt</File>
        <Format/>
        <Delimiter/> 
        <Width/> 
        <Q-qualifier/> 
        <PreReturnCode>0</PreReturnCode> 
        <ReturnErrorCode>8</ReturnErrorCode> 
    </Step>
	
<!--
  ############################################################################
  # Step 6000 - Rename the Output File with date timestamp                   #
  ############################################################################
-->
    <Step No="6000" Type="FileRenameIfExists" Arguments="OldName,OldType,NewName,NewType,Suffix,CharBetween">
      <OldName>~c:CustomOutput~\BCBSNC_PRIME_FACIL</OldName> 
      <OldType>txt</OldType> 
      <NewName>nc_fac_dtl_~1000:DateYYYYMM~_incr</NewName> 
      <NewType>txt</NewType> 
      <Suffix></Suffix> 
      <CharBetween>_</CharBetween> 
      <PreReturnCode>0</PreReturnCode> 
      <ReturnErrorCode>8</ReturnErrorCode> 
    </Step>   
 
 <!--
  ############################################################################
  # Step 7000 - Rename the Output File with date timestamp                   #
  ############################################################################
-->

    <Step No="7000" Type="FileRenameIfExists" Arguments="OldName,OldType,NewName,NewType,Suffix,CharBetween">
      <OldName>~c:CustomOutput~\BCBSNC_PRIME_PROF</OldName> 
      <OldType>txt</OldType> 
      <NewName>nc_prof_dtl_~1000:DateYYYYMM~_incr</NewName> 
      <NewType>txt</NewType> 
      <Suffix></Suffix> 
      <CharBetween>_</CharBetween> 
      <PreReturnCode>0</PreReturnCode> 
      <ReturnErrorCode>8</ReturnErrorCode> 
    </Step>   
 
 <!--
  ############################################################################
  # Step 8000 - Rename the Output File with date timestamp                   #
  ############################################################################
-->

    <Step No="8000" Type="FileRenameIfExists" Arguments="OldName,OldType,NewName,NewType,Suffix,CharBetween">
      <OldName>~c:CustomOutput~\BCBSNC_PRIME_VAL</OldName> 
      <OldType>txt</OldType> 
      <NewName>nc_validation_sum_~1000:DateYYYYMM~_incr</NewName> 
      <NewType>txt</NewType> 
      <Suffix></Suffix> 
      <CharBetween>_</CharBetween> 
      <PreReturnCode>0</PreReturnCode> 
      <ReturnErrorCode>8</ReturnErrorCode> 
    </Step>   
 
<!--
  ############################################################################
  # Step 9000 - Copy the output file to History folder to archive            #              
  ############################################################################
-->
    <Step No="9000" Type="FileCopyIfExists" Arguments="OriginalFile,NewFile">
      <OriginalFile>~c:CustomOutput~\~6000:parsefile~.~6000:parseext~</OriginalFile> 
      <NewFile>~c:HistoryPath~\</NewFile> 
      <PreReturnCode>0</PreReturnCode> 
      <ReturnErrorCode>8</ReturnErrorCode> 
    </Step>
	
<!--
  ############################################################################
  # Step 10000 - Copy the output file to History folder to archive            #              
  ############################################################################
-->
    <Step No="10000" Type="FileCopyIfExists" Arguments="OriginalFile,NewFile">
      <OriginalFile>~c:CustomOutput~\~7000:parsefile~.~7000:parseext~</OriginalFile> 
      <NewFile>~c:HistoryPath~\</NewFile> 
      <PreReturnCode>0</PreReturnCode> 
      <ReturnErrorCode>8</ReturnErrorCode> 
    </Step>

<!--
  ############################################################################
  # Step 11000 - Copy the output file to History folder to archive            #              
  ############################################################################
-->
    <Step No="11000" Type="FileCopyIfExists" Arguments="OriginalFile,NewFile">
      <OriginalFile>~c:CustomOutput~\~8000:parsefile~.~8000:parseext~</OriginalFile> 
      <NewFile>~c:HistoryPath~\</NewFile> 
      <PreReturnCode>0</PreReturnCode> 
      <ReturnErrorCode>8</ReturnErrorCode> 
    </Step>
<!--
  ############################################################################
  # Step 12000 - Zip the Output files           #              
  ############################################################################
-->
    <Step No="12000" Type="ZipFiles" Arguments="Dir,strFile1,strFile2,strFile3,strLogfilePath">
      <Dir>~c:CustomOutput~</Dir> 
      <strFile1>~6000:parsefile~.~6000:parseext~</strFile1>
	  <strFile2>~7000:parsefile~.~7000:parseext~</strFile2>
	  <strFile3>~8000:parsefile~.~8000:parseext~</strFile3>
	  <strLogfilePath>~c:cNASLogFileDir~</strLogfilePath>
    </Step>

</Job>
