<!--
########################################################################################################################
# Title:  HBA_TPZNC_MO_FF_USABLE_PREMIUM.xml                                                                           #
#                                                                                                                      #
# Function: HBA wrapper for the USAble Premium Ntake Extract                                                           #
#                                                                                                                      #
# Steps:                                                                                                               #
#                                                                                                                      #
#  Ver     Date            Developer            Description                                                            #
#  1.0     08/26/2014      Ghazala Ameen        Initial Version                                                        #
#  1.1     09/30/2014      Ghazala Ameen        Updated to generate output from view and updated output file name      #
########################################################################################################################
-->

<Job>
    <JobName>HBA_TPZNC_MO_FF_USABLE_PREMIUM</JobName>
<!--
  ###########################################################################
  # Step 1000: Use DateTimeVal function to get the datetime stamp value     #
  ###########################################################################
-->

  <Step No="1000" Type="GetCurDate" Arguments="Directory">
     <Directory>~c:CustomRunfile~</Directory>     
     <PreReturnCode>0</PreReturnCode>
     <ReturnErrorCode>8</ReturnErrorCode>
  </Step> 

<!--
  ##################################################################################################
  # Step 2000 - ExecSP: To execute the stored procedure tpzp_usable_premium_ntake_extr             #
  ##################################################################################################  
-->
    <Step No="2000" Type="ExecSP" Arguments="StoredProcedure,c:StagedbName,c:DBIpPort,r:User2,r:Password2,c:cFacetsLogOutputDir,StdOut">
        <StoredProcedure name="tpzp_usable_premium_ntake_extr">
        </StoredProcedure>
        <StdOut>Y</StdOut>
        <PreReturnCode>0</PreReturnCode>
        <ReturnErrorCode>8</ReturnErrorCode>
    </Step>
<!-- 
  ############################################################################
  # Step 3000 - BCP Out - tpzt_usable_premium_ntake_extr                     #
  ############################################################################ 
--> 
    <Step No="3000" Type="BCP_TPZ" Arguments="InOut,Dir,Table,File,c:StagedbName,r:User2,r:Password2,c:DBIpPort,Format,Delimiter,Width,Q-qualifier">
        <InOut>Out</InOut> 
        <Dir>~c:CustomOutput~\</Dir> 
        <Table>tpzv_usable_premium_ntake_extr</Table> 
        <File>BCBSNC_USABLE_NTAKE.txt</File> 
        <Format></Format> 
        <Delimiter/> 
        <Width/> 
        <Q-qualifier/> 
        <PreReturnCode>0</PreReturnCode> 
        <ReturnErrorCode>8</ReturnErrorCode> 
    </Step>
<!--
  ############################################################################
  # Step 4000 - Rename the output file with date timestamp                   #
  ############################################################################
-->
<!--
  <Step No="4000" Type="FileRenameIfExists" Arguments="OldName,OldType,NewName,NewType,Suffix,CharBetween">
    <OldName>~c:CustomOutput~\BCBSNC_USABLE_NTAKE</OldName> 
    <OldType>txt</OldType> 
    <NewName>BCBSNC_USABLE_NTAKE_~1000:DateYYYYMMDD_HHMMSS~</NewName> 
    <NewType>txt</NewType> 
    <Suffix></Suffix> 
    <CharBetween>_</CharBetween> 
    <PreReturnCode>0</PreReturnCode> 
    <ReturnErrorCode>8</ReturnErrorCode> 
  </Step>
-->  
<!--
  ############################################################################
  # Step 4000 - Copy the output file to History folder to archive            #
  ############################################################################
-->
  <Step No="4000" Type="FileCopyIfExists" Arguments="OriginalFile,NewFile">
    <OriginalFile>~c:CustomOutput~\BCBSNC_USABLE_NTAKE.txt</OriginalFile> 
    <NewFile>~c:HistoryPath~\</NewFile> 
    <PreReturnCode>0</PreReturnCode> 
    <ReturnErrorCode>8</ReturnErrorCode> 
  </Step>
<!--
  ############################################################################
  # Step 5000 - Rename the history file with date timestamp                  #
  ############################################################################
-->

  <Step No="5000" Type="FileRenameIfExists" Arguments="OldName,OldType,NewName,NewType,Suffix,CharBetween">
    <OldName>~c:HistoryPath~\BCBSNC_USABLE_NTAKE</OldName> 
    <OldType>txt</OldType> 
    <NewName>BCBSNC_USABLE_NTAKE_~1000:DateYYYYMMDD_HHMMSS~</NewName> 
    <NewType>txt</NewType> 
    <Suffix></Suffix> 
    <CharBetween>_</CharBetween> 
    <PreReturnCode>0</PreReturnCode> 
    <ReturnErrorCode>8</ReturnErrorCode> 
  </Step>
</Job>

