<!--
###################################################################################################
# Title:  HBA_TPZNC_MO_FF_AIM_MEMBER.xml                                                         #
#                                                                                                 #
# Function: HBA wrapper for the Prime Monthly Group Extract (Vendor Extracts)                     #
#                                                                                                 #
# Steps:                                                                                          #
#                                                                                                 #
#  Ver     Date            Developer            Description                                       #
#  1.0     02/12/2014      Divya Anne           Initial Version                                   #
###################################################################################################
-->

<Job>
    <JobName>HBA_TPZNC_MO_FF_AIM_MEMBER</JobName>
    
<!--
  ###########################################################################
  # Step 1000: Use DateTimeVal function to get the datetime stamp value     #
  ###########################################################################
-->
    <Step No="1000" Type="GetCurDate" Arguments="Directory">
        <Directory>~c:CustomRunfile~</Directory>     
        <PreReturnCode>0</PreReturnCode>
        <ReturnErrorCode>8</ReturnErrorCode>
    </Step>   
    
<!--
  ##################################################################################################
  # Step 2000 - ExecSP: To execute the stored procedure tpzp_prime_group_extr                      #
  ##################################################################################################  
-->
    <Step No="2000" Type="ExecSP" Arguments="StoredProcedure,c:StagedbName,c:DBIpPort,r:User2,r:Password2,c:cFacetsLogOutputDir,StdOut">
        <StoredProcedure name="tpzp_prime_group_extr">
        <param name= "pRunFreq" type= "VARCHAR(10)" value= "'MONTHLY'" inout= "in"  />
        </StoredProcedure>
        <StdOut>Y</StdOut>
        <PreReturnCode>0</PreReturnCode>
        <ReturnErrorCode>8</ReturnErrorCode>
    </Step>
    
<!--
  ###################################################################################
  # Step 3000 To create a memory variable to hold the value of XML file             #
  ###################################################################################
-->
<!--    
    <Step No="3000" Type="InsertRunTimeXML" Arguments="StepNo, VarNode, VarValue">
        <StepNo>3000</StepNo>
        <VarNode>CodeType</VarNode>
        <VarValue>COMMDLNQF</VarValue>
        <PreReturnCode>0</PreReturnCode>
        <ReturnErrorCode>8</ReturnErrorCode>
    </Step>
-->

<!--
  ###########################################################################
  # Step 4000: Use ExecuteProgram to generate a control file                #
  ###########################################################################
  -->
<!--    
    <Step No="4000" Type="ExecuteProgram" Arguments="Dir,Program,c:cFacetsLogOutputDir">
        <Dir>~c:FacetsPath~\Scripts\</Dir>
        <Program> ControlFileAndBalance.exe ~c:FacetsPath~\Output ~c:FacetsPath~\Output\ ~3000:CodeType~ ~c:FacetsPath~\Scripts\ControlAndBalanceConfig_Batch.xml</Program>
        <PreReturnCode>0</PreReturnCode>
        <ReturnErrorCode>8</ReturnErrorCode>
    </Step>
-->

<!-- 
  ############################################################################
  # Step 5000 - BCP Out - tpzt_prime_grp_extr                                #
  ############################################################################ 
--> 
    <Step No="5000" Type="BCP_TPZ" Arguments="InOut,Dir,Table,File,c:StagedbName,r:User2,r:Password2,c:DBIpPort,Format,Delimiter,Width,Q-qualifier">
        <InOut>Out</InOut> 
        <Dir>~c:CustomOutput~\</Dir> 
        <Table>tpzt_prime_grp_extr</Table> 
        <File>TPZBCNC_BCBSNC_PRIME_MONTHLY_GROUP.txt</File> 
        <Format>~c:CustomScripts~\tpzt_prime_grp_extr_out.fmt</Format> 
        <Delimiter/> 
        <Width/> 
        <Q-qualifier/> 
        <PreReturnCode>0</PreReturnCode> 
        <ReturnErrorCode>8</ReturnErrorCode> 
    </Step>

<!--
  ############################################################################
  # Step 6000 - Rename the Output File with date timestamp                   #
  ############################################################################
-->
    <Step No="6000" Type="FileRenameIfExists" Arguments="OldName,OldType,NewName,NewType,Suffix,CharBetween">
        <OldName>~c:CustomOutput~\TPZBCNC_BCBSNC_PRIME_MONTHLY_GROUP</OldName> 
        <OldType>txt</OldType> 
        <NewName>TPZBCNC_BCBSNC_PRIME_MONTHLY_GROUP_~1000:DateYYYYMMDD_HHMMSS~</NewName> 
        <NewType>txt</NewType> 
        <Suffix></Suffix> 
        <CharBetween>_</CharBetween> 
        <PreReturnCode>0</PreReturnCode> 
        <ReturnErrorCode>8</ReturnErrorCode> 
    </Step>   
    
<!--
  ############################################################################
  # Step 7000 - Copy the output file to History folder to archive            #              
  ############################################################################
-->
    <Step No="7000" Type="FileCopyIfExists" Arguments="OriginalFile,NewFile">
        <OriginalFile>~c:CustomOutput~\~6000:parsefile~.~6000:parseext~</OriginalFile> 
        <NewFile>~c:HistoryPath~\</NewFile> 
        <PreReturnCode>0</PreReturnCode> 
        <ReturnErrorCode>8</ReturnErrorCode> 
    </Step>

</Job>
