<!--
###################################################################################################
# Title:  HBA_TPZNC_MO_IF_Usable_Mem_XREF                                                         #
#                                                                                                 #
# Function: HBA wrapper for the usable member xref                                                #
#                                                                                                 #
# Steps:                                                                                          #
#                                                                                                 #
#  Version    Date            Developer            Description                                    #
#  1.0     07/10/2014      Anusha Vaidyanathan          Initial Version                           #
#                                                                                                 #
#												    									          #
###################################################################################################
-->

<Job>
    <JobName>HBA_TPZNC_MO_IF_Usable_Mem_XREF</JobName>
    
<!--
  ###########################################################################
  # Step 1000: Use DateTimeVal function to get the datetime stamp value     #
  ###########################################################################
-->
  <Step No="1000" Type="GetCurDate" Arguments="Directory">
     <Directory>~c:CustomRunfile~</Directory>     
     <PreReturnCode>0</PreReturnCode>
     <ReturnErrorCode>8</ReturnErrorCode>
  </Step>   
      
<!--
  
  ##################################################################################################
  # Step 2000 - ExecSP: To execute the stored procedure tpzp_usable_meme_cw_extr                   #
  ##################################################################################################  
-->
    <Step No="2000" Type="ExecSP" Arguments="StoredProcedure,c:StagedbName,c:DBIpPort,r:User2,r:Password2,c:cFacetsLogOutputDir,StdOut">
        <StoredProcedure name="tpzp_usable_meme_cw_extr">
         <param />
        </StoredProcedure>
        <StdOut>Y</StdOut>
        <PreReturnCode>0</PreReturnCode>
        <ReturnErrorCode>8</ReturnErrorCode>
    </Step>

<!-- 
  ############################################################################
  # Step 3000 - BCP Out - tpzt_usable_meme_cw_extr                           #
  ############################################################################ 
--> 
    <Step No="3000" Type="BCP_TPZ" Arguments="InOut,Dir,Table,File,c:StagedbName,r:User2,r:Password2,c:DBIpPort,Format,Delimiter,Width,Q-qualifier">
        <InOut>Out</InOut> 
        <Dir>~c:CustomOutput~\</Dir> 
        <Table>tpzt_usable_meme_cw_extr</Table> 
        <File>BCBSNC_USABLE_MEM_XREF.txt</File>
		<Format>~c:CustomScripts~\tpzf_usable_meme_cw_extr.fmt</Format>
        <Delimiter/> 
        <Width/> 
        <Q-qualifier/> 
        <PreReturnCode>0</PreReturnCode> 
        <ReturnErrorCode>8</ReturnErrorCode> 
    </Step>
    
    
<!--
############################################################################
  # Step 4000 - Rename the request file with date timestamp                  #
  ############################################################################
-->
  
   <Step No="4000" Type="FileRenameIfExists" Arguments="OldName,OldType,NewName,NewType,Suffix,CharBetween">
        <OldName>~c:CustomOutput~\BCBSNC_USABLE_MEM_XREF</OldName> 
        <OldType>txt</OldType> 
        <NewName>BCBSNC_USABLE_MEM_XREF_~1000:DateYYYYMMDD_HHMMSS~</NewName> 
        <NewType>txt</NewType> 
        <Suffix></Suffix> 
        <CharBetween>_</CharBetween> 
        <PreReturnCode>0</PreReturnCode> 
        <ReturnErrorCode>8</ReturnErrorCode> 
    </Step> 

<!--
  ###########################################################################################################
  # Step 5000 - Copy the output file BCBSNC_USABLE_MEM_XREF.txt to History folder to archive                #
  ###########################################################################################################
-->
    <Step No="5000" Type="FileCopyIfExists" Arguments="OriginalFile,NewFile">
        <OriginalFile>~c:CustomOutput~\~4000:parsefile~.~4000:parseext~</OriginalFile> 
        <NewFile>~c:HistoryPath~\</NewFile> 
        <PreReturnCode>0</PreReturnCode> 
        <ReturnErrorCode>8</ReturnErrorCode> 
    </Step>
</Job>
