<!--
###################################################################################################
# Title:  HBA_TPZNC_WK_FF_USABLE_MEME_CROSSWALK.xml                                               #
#                                                                                                 #
# Function: HBA wrapper for the USAble Membership Crosswalk                                       #
#                                                                                                 #
# Steps:                                                                                          #
#                                                                                                 #
#  Ver     Date            Developer            Description                                       #
#  1.0     09/10/2014      Ghazala Ameen        Initial Version                                   #
###################################################################################################
-->

<Job>
    <JobName>HBA_TPZNC_WK_FF_USABLE_MEME_CROSSWALK</JobName>

<!--
  ##################################################################################################
  # Step 1000 - ExecSP: To execute the stored procedure tpzp_usable_meme_crosswalk_extr            #
  ##################################################################################################  
-->
    <Step No="1000" Type="ExecSP" Arguments="StoredProcedure,c:StagedbName,c:DBIpPort,r:User2,r:Password2,c:cFacetsLogOutputDir,StdOut">
        <StoredProcedure name="tpzp_usable_meme_crosswalk_extr">
        </StoredProcedure>
        <StdOut>Y</StdOut>
        <PreReturnCode>0</PreReturnCode>
        <ReturnErrorCode>8</ReturnErrorCode>
    </Step>
<!-- 
  ############################################################################
  # Step 2000 - BCP Out - tpzt_usable_meme_crosswalk_extr                    #
  ############################################################################ 
--> 
    <Step No="2000" Type="BCP_TPZ" Arguments="InOut,Dir,Table,File,c:StagedbName,r:User2,r:Password2,c:DBIpPort,Format,Delimiter,Width,Q-qualifier">
        <InOut>Out</InOut> 
        <Dir>~c:CustomOutput~\</Dir> 
        <Table>tpzt_usable_meme_crosswalk_extr</Table> 
        <File>BCBSNC_USABLE_XREF.txt</File> 
        <Format></Format> 
        <Delimiter/> 
        <Width/> 
        <Q-qualifier/> 
        <PreReturnCode>0</PreReturnCode> 
        <ReturnErrorCode>8</ReturnErrorCode> 
    </Step>

<!--
  ############################################################################
  # Step 3000 - Copy the output file to History folder to archive            #
  ############################################################################
-->
    <Step No="3000" Type="FileCopyIfExists" Arguments="OriginalFile,NewFile">
        <OriginalFile>~c:CustomOutput~\~2000:parsefile~.~2000:parseext~</OriginalFile> 
        <NewFile>~c:HistoryPath~\</NewFile> 
        <PreReturnCode>0</PreReturnCode> 
        <ReturnErrorCode>8</ReturnErrorCode> 
    </Step>

</Job>

