<?xml version="1.0" encoding="utf-8" ?>
<!--
##########################################################################################################
# Title:  ErTzgProcTst3.xml                                                                              #
#                                                                                                        #
# Function: Test/Demo Procbook                                                                           #
#                                                                                                        #
# Ver   Date        Developer                  Description                                               #
# 1.0   12/10/2014  Masato Nakai               Initial Version                                           #
##########################################################################################################
-->
<Job>
	<Category name="Indicative">
		<Item name="JobName" override="N">ErTzgProcTst3</Item>
		<Item name="JobDescription">Test/Demo Interface</Item>
		<Item name="Product" override="N">FA</Item>
    <Item name="FacetsVersion" override="N">510.21408.10201.1006</Item>
    <Item name="Product" override="N">FA</Item>
    <Item name="FacetsRelease">510</Item>
  </Category>
	
	<Category name="Control">
		<Item name="PzapAppId" override="Y" commarea="Y">TST3</Item>
	</Category>
	<!--
	##############################################################
	# Job Level Overrides
  ##############################################################
  -->
	<Category name="Parameters">
    <Item name="CustomDatabase" override="N">fatzgdv1cust</Item>
	</Category>
	<!--
	##############################################################
	# Step   1000  -  Call program that generates output
  ##############################################################
  -->
	<Step number="1000">
		<StepOrder>1000</StepOrder>
		<Category name="Indicative">
			<Item name="StepName" override="N">ErTzgProcTst3_1000</Item>
			<Item name="StepDescription" override="N">Execute</Item>
			<Item name="Product" override="N">FA</Item>
			<Item name="StepNumber" override="N">1000</Item>
		</Category>
		<!--
    ##############################################################
    # Action   1000_1000
    ##############################################################
    -->
		<Action number="1000_1000">
			<ActionOrder>1000_1000</ActionOrder>
			<Category name="Indicative">
				<Item name="ActionNumber" override="N">1000_1000</Item>
				<Item name="ExecutionType" override="N">V</Item>
				<Item name="ProgramName" override="N">VBscript</Item>
			</Category>
			<Category name="Control">
				<Item name="PzapAppId" override="Y" commarea="Y">DOS</Item>
			</Category>
			<ScriptInfo>
				<Script>ErTzgTst3ClmExtract.vbs</Script>
			</ScriptInfo>
        <Category name="Parameters">
          <Item name="GroupID" override="Y"></Item>
        </Category>
		</Action>
	</Step>
</Job>
